Lanie Klezmski,297-643-0668
Abram Gonsalvo,265-480-2465
Gabbey Di Claudio,916-579-8620
Celine Whitwham,629-770-1336
Bunni Filoniere,910-251-4881
Reube Mensler,646-602-3135
Winnie Abeau,100-550-0658
Cassaundra Croce,691-965-1742
Layne Earingey,432-198-9916
Elberta Baudoux,168-981-4725
Zack Posthill,419-140-8367
Faydra Odby,757-469-9387
Kristine Ceccoli,749-617-1321
Carlee Allery,634-203-9239
Ferrel O'Donoghue,991-362-0905
Carmen Pyett,172-555-9027
Harriott Loan,157-462-5841
Ashley St. Clair,273-160-5857
Pepi Chadwin,841-985-1955
Terrie Phipson,657-391-0385
Dorena Beaze,711-316-2092
Darcy Braune,642-717-2861
Rhoda Bartell,932-676-2577
Lida McGonigal,155-816-4519
Barrett Wadlow,106-908-4806
Chip McGinlay,870-371-2962
Deane Saltsberger,684-353-5397
Laureen Flanders,976-943-6325
Daveen Frantz,403-455-1877
Elsi Speakman,225-923-2951
Isidor Asplen,998-427-6051
Catherin Boerder,148-463-3224
Jonie Gullivan,254-228-6342
Frayda Walford,824-690-1672
Frasier Keave,101-812-5465
Connie Speere,767-466-4467
Annette Sherbourne,424-983-8155
Lionello MacUchadair,679-849-3681
Janel Dampney,411-864-7752
Krishnah Goddert.sf,679-424-3698
Irma Brason,362-275-2884
Karilynn Swinbourne,362-831-3153
Burt Waith,644-461-2151
Tomlin Spedroni,911-246-9824
Sharon Millar,668-378-6207
Leupold Fend,434-432-2019
Broderic McBoyle,712-539-1272
Patrizio Satterly,919-207-3926
Lynnet Gerbel,163-124-4190
Lesley Bulward,632-136-2698
Salim Wapple,361-748-7056
Maddy Coard,455-549-7120
Mariellen Mougel,595-602-8170
Tailor Petrushanko,232-927-1050
Milissent Woolsey,208-645-4499
Mateo Sunners,333-213-5911
Maurita Argo,661-937-2315
Arlette Byrkmyr,704-580-9883
Bianca Lanning,973-743-6062
Merrilee Safhill,604-281-8931
Kass Franchioni,596-492-3956
Candide Preator,883-683-8553
Lemuel MacCaughen,190-783-5750
Elysia Alderwick,777-304-2950
Porter Ailmer,588-551-8611
Marcus Fleay,965-608-9918
Shalne Ribou,293-903-2046
Jordon Martin,667-461-7901
Yelena Polin,493-781-1021
Anderson Inker,605-643-9009
Casandra Leedes,212-500-2528
Aksel Sunderland,794-914-5960
Orrin Ruslinge,415-940-7136
Andie Allsworth,738-590-7390
Ephrem Grandisson,929-296-8669
Katerina Scotchford,900-502-9517
Lori Grundwater,712-779-9207
Rustin Shedden,395-365-7628
Nessy Mackison,796-318-0767
Sal Fairbard,378-643-2136
Paddy Raggatt,866-356-1692
Marthena MacShirie,668-108-4755
Edvard Izsak,581-696-7303
Wynne Zavittieri,469-327-3938
Katleen Clewarth,588-403-3267
Gray Jeratt,274-323-3097
Quent Deners,144-444-5750
Roslyn Gorioli,944-505-0600
Edita Gorke,804-214-3475
Etheline Huitt,520-973-0732
Kata Pethrick,885-779-5484
Garwin Ninnoli,878-338-1849
Marline Hearfield,496-100-1668
Robin Harrowell,962-448-6919
Fax Kilbourn,350-729-2196
Owen Chasemoore,316-707-5669
Antin Filipowicz,787-713-3961
Clementia Korfmann,252-235-6243
Arline Pinel,295-503-7027
Janeen Duplan,753-364-9606
Beverly Tesseyman,682-877-4406
Friedrich Trussell,855-508-4709
Currie Jenoure,556-483-3582
Vinni Stirton,394-445-7246
Devonne Elion,983-373-0648
Sargent Bischoff,996-133-4644
Mel Lancastle,929-981-2488
Luelle Bettleson,408-337-2625
Nolana Gamble,878-697-3735
Babette Agge,964-792-9549
Betsey Tegeller,297-934-7775
Vickie Maffia,675-799-5359
Celestine Shann,198-449-5362
Fitzgerald Halligan,886-661-7772
Ursa Claige,440-530-5218
Lissi Stanhope,873-919-5824
Crichton Poulsom,597-721-2041
Athene Heintsch,871-300-6279
Floyd Ambresin,579-392-0518
Tamas Dutnall,228-533-9688
Casie Kohnen,114-410-8703
Giustino Spinnace,319-518-8124
Gilly Tassell,524-574-8292
Ely Faunch,667-149-2805
Gil Watton,204-530-9437
Gwenni Taplin,358-417-4594
Henryetta Farguhar,722-743-1563
Sibyl Ramas,466-723-1511
Ricca Lahive,642-998-8299
Kellie Broggio,402-477-1659
Zenia Meeland,808-254-5312
Karita Lumbly,365-380-8898
Mada Eslemont,645-477-9323
Staffard Roscamp,285-502-1940
Astra Penni,645-306-4396
Dorthea Lumox,765-606-7476
Abbie Overpool,277-673-8430
Ashton Minmagh,708-767-8581
Kariotta Mustchin,366-296-4134
Vivien Hastings,760-770-8817
Michal Charman,613-311-5173
Cosimo Antoniottii,855-711-6792
Wilie Minero,796-271-2492
Sylvester O'Leagham,972-490-0578
Willabella Vassar,156-732-6387
Winnie Skupinski,312-822-7274
Svend Beddis,902-355-7257
Brody Sentance,857-258-0043
Minda Hellsdon,236-193-2019
Dolorita Troke,348-893-7460
Neddy McCleod,333-877-6243
Germain Le feuvre,984-279-9914
Viviyan Mathie,672-649-9680
Tuesday Wix,585-102-9680
Shirl Godding,462-488-3578
Nerty McGeechan,353-126-2470
Melony Kilshaw,936-205-2096
Gusty Mees,376-524-8027
Waldemar Dallman,569-356-2769
Godiva Musterd,217-368-9922
Alain Lambertz,663-933-1569
Meriel Dimitru,841-142-4620
Bartlet Meah,897-193-4899
Jamesy Simkins,657-152-4672
Andie Rutherfoord,980-860-2088
Alexei Ruvel,879-747-1564
Sonnie Ribbens,139-610-1921
Larisa Cadwallader,428-930-5170
Dolph Kitchingman,593-182-7967
Gardener Salack,179-749-3492
Phip Lemm,730-779-1566
Dud Baiden,388-232-8004
Yorker Struther,919-120-5089
Manolo Geraldi,885-842-7887
Charles Skinner,385-512-7396
Alvis Barff,539-913-5720
Rheba Gladman,198-261-2489
Myrtice Carmo,502-751-1704
Elayne Dowdney,247-459-8127
Katharyn Fortnum,260-314-3011
Kandy Windridge,369-382-0199
Colby Verbeke,994-591-2711
Moselle Jerdan,459-986-9484
Maggie Bryson,443-580-7181
Giuseppe Davinet,804-919-0762
Adolf Endean,653-106-4152
Theressa Gillett,767-733-9943
Hanna Chaddock,797-437-9397
Kessiah Spark,357-323-5321
Hertha Sandom,689-893-0148
Misty Pashby,936-242-4881
Seymour Bodker,920-272-4295
Shaylah Yetman,876-911-4105
Kiersten Metheringham,226-126-2592
Kala Signorelli,759-831-6408
Berkly Camblin,637-791-6857
Farlee Jewes,312-232-7451
Odella Grand,960-647-7889
Judas Cicculini,184-538-9054
Jonell Marusyak,560-546-0565
Sharyl Gergolet,977-607-9993
Shepard Measham,796-563-3906
Bliss Borkin,533-446-4845
Kara De Anesy,255-817-4600
Grantley Blaik,280-834-9062
Amye Hardage,195-270-1747
Giovanni Eneas,765-940-0969
Jaime Galero,397-828-8340
Maddie Grabbam,530-898-3548
Kelley Valentine,892-461-6532
Chiarra Flippen,285-230-8807
Vivienne Tale,589-459-9404
Cariotta Ell,519-916-9665
Dyna Ruckert,136-125-6567
Allys Francais,943-195-9033
Katee Brevitt,861-304-7177
Rosmunda Eagar,107-274-9015
Timmie Darcey,193-420-3774
Ileana Cathrall,538-357-8031
Cherrita de la Valette Parisot,860-318-6513
Hilary Mailey,277-809-1182
Ivie Piesing,386-420-0164
Scotty Haddleton,998-796-2286
Bear Mityashev,375-621-7516
Rennie Bearne,405-401-7059
Clarissa Emerson,239-518-4877
Roddie Pittway,356-889-0857
Devland Renon,414-387-7993
Taffy Foskew,964-276-9954
Shirlene Membry,211-574-7198
Ward Valti,562-537-3610
Shaine Wallbanks,387-853-6996
Gerianne Dudny,987-795-0900
Beverly Rout,298-734-0129
Cate Caccavale,571-164-0700
Gennifer Siviour,509-998-5051
Gil Van Velden,619-265-1861
Charlot Tinton,849-123-0485
Carla Kopacek,184-994-5043
Regan Woodcock,128-393-0228
Karla Tollit,368-245-3175
Barris Sautter,893-883-1360
Geordie Vasilyev,504-355-7658
Nappy Arnot,400-738-2969
Merna Gomersal,594-295-9693
Kore Gianneschi,499-434-9195
Martha Dummer,541-347-7201
Shannon Semechik,304-759-2642
Devlin Winslow,684-585-1204
Ernesta Smithson,519-412-7159
Noellyn McQuaker,957-986-4637
Dallas Tynemouth,863-605-9835
Tracey Large,317-591-6253
Mal Barta,724-711-2795
Kellsie Cawsy,745-587-6252
Genevieve Kirman,842-400-6257
Roderigo Joannet,389-923-0751
Ugo Blagburn,538-491-5849
Roze Beeson,112-178-6160
Haley Flaxon,181-464-9703
Jen Veld,857-746-3515
Rhona Du Fray,301-961-9166
Maximilian Millery,448-229-9529
Spense Dryden,632-986-0986
Erhard MacKartan,318-391-4277
Zedekiah Errol,877-750-8124
Dorey McColm,616-936-2641
Ichabod Huniwall,360-545-1306
Bethena Dmitrichenko,269-510-9719
Woodman Ewbanck,236-854-2518
Joey Plimmer,524-330-5080
Seamus Grundell,241-819-5538
Ransell Wildbore,879-535-3664
Sukey Flemming,409-614-2998
Michaela Yorkston,679-659-5726
Quintana Dutch,711-753-5601
Ermentrude Blayd,713-581-2046
Scarlet Hailes,817-790-1724
Berkley McCuaig,457-262-4886
Florinda Casino,258-449-1932
Lucille Treven,530-560-9358
Nicolai Kennham,740-241-8002
Matthew Comrie,880-173-2450
Cherida Boarleyson,610-264-7088
Carmelita Orpwood,140-681-0508
Massimiliano McMonies,731-702-3354
Ezechiel Watkinson,926-685-6311
Adey Claringbold,697-229-9783
Avictor McAvin,611-959-9060
Jereme Dubber,942-705-2843
Saxe Girvin,337-501-1836
Buck Vaskin,835-117-4800
Ignaz Spacey,798-845-3860
Teodorico Hansley,893-940-4902
Chadd Jewers,926-681-0616
Claire Ellul,103-197-0701
Rorie Tripon,202-917-8723
Kori Hamshaw,708-537-6608
Dane Borthwick,729-397-3187
Saxon Busfield,606-595-2811
Eilis Gash,811-351-6447
Yancy Wisniowski,154-206-7313
Micheal Bassham,896-841-9615
Ramsey Matas,684-719-2900
Tracey Cage,536-799-8964
Lianne Chable,101-115-2689
Asia Flintuff,525-769-5058
Sinclare Cookson,931-216-2746
Costa Bucky,933-481-3893
Uriah Skaife d'Ingerthorpe,218-175-0992
Dreddy Lahive,420-707-3971
Merle Ghelardoni,571-410-4697
Diahann Tordiffe,501-271-2225
Anatole Barry,355-345-7827
Ami Hordle,307-177-5976
Priscella Hartly,266-953-9068
Read Jansey,891-688-9315
Cyb Handrik,271-964-0164
Brocky McNicol,539-174-9520
Klaus Bickerstasse,673-584-4357
Charin Jacson,745-516-8581
Torre Lomath,391-225-2382
Eadie Mattersey,484-170-9503
Emile Kochel,439-512-2030
Benedetta Daintrey,579-197-0351
Colet Corwood,218-184-5494
Sella Eynon,744-325-3298
Birgitta Blaisdell,668-341-8583
Guinna Campey,893-381-2703
Adelina Streeten,167-403-0722
Constantine Readie,665-292-1716
Claudette Gerrans,362-159-3921
Frederigo Seyffert,715-457-8025
Sayers Allardyce,902-570-6366
Marcos Preece,882-273-4636
Michal Snoden,982-352-5503
Webster Laville,725-375-8994
Harland Giacomoni,496-516-5588
Arch Tregiddo,110-599-5737
Katharyn Huster,499-469-3359
Pearle Pyford,659-977-3567
Connie Guarnier,737-196-3931
Quintilla Challicum,746-308-6373
Cary Heindrich,719-483-3030
Blondelle Faveryear,633-216-1543
Zorine Vequaud,655-158-9941
Rae Tribble,682-371-5753
Lorette Franscioni,945-225-2380
Claudian Axtonne,443-899-6802
Blaine Gomar,875-715-5082
Dion Coupe,997-425-5228
Neala Faulder,632-372-4855
Darell McSkin,439-201-9335
Kessiah Wisedale,781-570-7976
Jason Sewart,374-714-1377
Idelle Orans,967-708-9692
Staffard Gerrill,804-504-9016
Millard Riste,666-625-4126
Gilburt Hawthorn,984-960-1735
Oran Panchen,372-219-4851
Ileana MacHostie,931-189-9839
Doria Biddy,681-225-7815
Benedicto Persey,212-148-8720
Moritz Garrigan,123-187-6683
Jaimie Adam,716-788-6323
Leia Mixworthy,214-555-7442
Pearla Brydone,487-211-2613
Pepi Bateup,529-832-4598
Lynelle Castan,356-362-5402
Alfy Wellfare,231-568-8292
Persis Wreak,661-130-8346
Illa MacKereth,767-973-4356
Kessiah Heavy,824-787-6941
Darci Dilston,637-177-2730
Marcellus Laurencot,388-521-0863
Nowell Grayshan,247-233-7761
Katinka Clynman,144-244-7618
Townsend Perrington,144-746-3947
Pippa Habbal,675-748-5043
Chrissie Pendle,422-543-2424
Angelica Selbie,130-861-1065
Arnaldo Harries,369-677-3855
Bartolemo Churches,847-237-6087
Fania Tapley,646-528-5472
Andreas Haysman,269-323-2663
Laurene Brandle,423-942-2969
Kennith Szimon,619-907-1289
Johna Tippin,441-647-7253
Tiffi Oldcote,311-857-4573
Marina Lumley,492-746-0529
Griffith Banford,725-784-2146
Miner Barbrick,192-278-5686
Tobye Kemitt,721-928-2302
Mariele Fridaye,132-656-4118
Dagny Desouza,474-376-0269
Rakel Goodhew,959-123-3188
Faythe Gotch,567-749-5816
Brooke McAneny,422-307-8445
Bobbie O'Cahill,238-854-2529
Eamon Speedy,706-189-7177
Gwyneth Sahnow,548-320-7143
Carly Wozencraft,848-285-6011
Ruddie Campaigne,128-360-4048
Roosevelt Dalgetty,695-735-5288
Nicky Farlambe,368-371-5331
Elisha Dredge,102-570-0318
Tedie Brasse,476-597-6158
Jinny Styant,351-453-4913
Dorise Timlett,393-412-7697
Jermayne McKinney,589-625-2250
Yul Raubenheimer,195-388-7443
Riordan Southway,922-176-7421
Tobi Griffe,235-152-1502
Cissiee Somerville,769-290-1804
Hedwig Flores,212-675-1630
Jarred Plumstead,277-528-9547
Chad Aberhart,845-271-4379
Sayre Bugdell,469-560-3807
Allan Avory,846-877-7602
Tybalt Chadwick,124-991-0442
Noelyn Willerton,963-541-0635
Lorrin Hughson,270-768-9032
Solomon Lambard,978-604-7767
Patrizius Powelee,966-368-8881
Maude Hesey,138-673-7636
Marni Attkins,738-139-9445
Nettie Stolze,177-150-3737
Phillis Rapin,259-103-9605
Brenna Sergison,331-817-1713
Isidora Maclaine,163-291-6104
Guinna Starrs,243-716-7280
Beck Brett,527-968-1553
Aleksandr Gobell,456-438-4503
Wendall Btham,396-847-4079
Roddie Von Der Empten,379-549-1928
Rafa Topley,662-648-7039
Nickolaus MacDearmid,286-215-9730
Carlin Bootherstone,495-796-4217
Adam Wellbank,992-488-8442
Deeanne Slaten,285-598-1434
Fairleigh Arger,844-868-7280
Georgie Fulks,543-378-1220
Rutter Wedlake,685-775-4625
Monique Chaplin,507-356-0006
Robbi Naughton,871-421-9182
Kinna Dwire,884-616-1773
Joli Boise,693-929-0318
Erich Daen,320-666-7125
Benjamen Kyttor,472-397-0576
Christabel Abrahams,327-435-2765
Agnese Cowlard,554-762-9074
Lizzy Street,274-816-1950
Forest Rallings,563-186-6092
Berta Rennles,970-866-1273
Ainsley Kinney,207-939-9214
Cecilla Hearsey,329-175-6709
Zacherie Yansons,907-945-9380
Sigismondo Norwood,858-496-1403
Ive McNickle,716-706-4682
Hobey Gleaves,796-178-8697
Teddi Stut,809-410-8382
Ortensia Driutti,642-396-9009
Seka Tullett,542-241-3526
Farica Martin,458-148-6616
Zolly Wylam,388-444-7165
Koenraad Trevethan,559-190-2200
Bil Salvin,946-730-9781
Wandie Tampling,820-547-1280
Gail Elves,894-420-6011
Garret Divisek,695-583-4275
Ashlin Wyse,376-114-5393
Alan Rimington,366-681-1777
Cesar Dobson,314-356-5386
Brent Aarons,651-944-6518
Nalani Raft,859-420-8578
Trisha Buswell,394-784-7581
Trev Hasty,547-878-7156
Martin Wilgar,395-738-4742
Far Shewsmith,399-342-3923
Annette Karim,482-833-7391
Clary Martinat,688-779-9436
Morna Colin,843-358-6739
Kaiser Hapgood,544-595-4495
Kori Sleet,299-497-7423
Pepita Duffan,147-225-5003
Todd Dunrige,659-658-0974
Bethena Cearley,688-698-5623
Alyson Gullifant,326-723-7597
Devon Papps,355-574-4185
Kimble Kevlin,857-267-4727
Rosetta Westall,529-820-7821
Dorey O'Cooney,542-919-7381
Kelci Slowgrave,385-266-3408
Prue Trevon,431-117-2217
Elfie Coleiro,894-386-0173
Charyl McParland,324-981-3425
Marlo Knuckles,354-169-8016
Isa De Francesco,834-913-9281
Moishe Beart,829-680-3741
Tobi Edwin,194-153-2427
Rogerio Blouet,432-881-2386
Agnesse Antonopoulos,754-645-7539
Mada Nys,130-321-4673
Fulton Allridge,523-443-0263
Marthe Winspire,464-131-1425
Lynnette Moth,354-881-9347
Osborn Pedlingham,935-291-2512
Damien Malenfant,338-412-8042
Turner Frith,696-925-8005
Gayla Rugieri,571-519-1748
Caryl Stot,992-833-8645
Ericha Mead,196-798-3764
Jan Rochelle,441-384-3325
Maurits Bilson,861-127-1917
Stacia Catherick,208-527-9563
Annie Snape,884-854-0901
Jacob Vallentin,416-898-5561
Terrel Brun,346-561-2450
Ophelia Ferrario,278-705-5262
Don Fleckney,986-789-0713
Eva Seeviour,939-679-4080
Thorn Cokely,869-348-4540
Nicole Pursehouse,224-578-5280
Ara McNay,387-301-3677
Marcelo Shervil,104-616-9947
Anna Turbern,438-974-5472
Gothart Godman,492-430-8639
Morlee Archell,421-388-1015
Annabella Teape,844-452-4749
Haven Giddens,206-349-6397
Fawnia Jahns,891-504-7319
Torre McNysche,272-718-5112
Brady Brunker,859-803-5086
Vassili McCurley,370-436-4732
Yolande Jost,162-593-4165
Towney Firsby,920-590-2687
Corrie Scarsbrick,914-579-0851
Leonora Windas,287-588-7664
Winonah Going,464-809-0908
Basil Truder,939-907-9378
Candide Grigoliis,576-263-2490
Ileana Abbey,503-382-6430
Gregorio Ketts,753-351-6887
Ashla Harflete,958-667-9755
Korney Sharply,356-881-6441
Clark Haskayne,616-924-1866
Jazmin Kellet,282-989-5816
Mellisent Baton,970-417-3206
Dehlia Brader,523-302-9110
Elton Bittany,421-807-3080
Theda Brandoni,151-135-3463
Hussein Graddon,835-108-0371
Conn Sommerville,261-831-3768
Georgi Blastock,983-582-8839
Janene O'Hartigan,240-486-4717
Paulo Greenshields,210-314-6172
Gan Aldrin,280-406-0791
Hakeem Georgescu,959-285-0343
Isobel Trail,755-157-9503
Lidia Forder,410-554-8281
Artemus Miskelly,493-928-0401
Olympe Blinman,860-651-3168
Raddy Ridolfo,710-702-7671
Cassy Benian,278-419-0986
Tabor Colwell,213-727-9671
Shamus Gentry,384-360-8193
Lily Cammis,593-813-4298
Harriette Horstead,360-341-0979
Louisa Jallin,707-549-8076
Cissy Merrett,897-774-3211
Harriette Partrick,632-887-7790
Uriel Keggin,692-426-8868
Vonnie Connold,364-198-2388
Sue Blunt,111-587-4743
Demeter Twittey,498-388-7926
Brit Eagger,215-442-2635
Emalia Basilio,822-706-3595
Tiena Cuxon,242-583-5175
Merrill Loughman,731-211-3214
Anthiathia Helliar,188-212-0590
Ezequiel Brunicke,655-998-9710
Cullan Scadding,629-865-7236
Fitzgerald MacMarcuis,495-237-5909
Hewe Tutton,480-407-4478
Vyky Phelipeau,656-663-6524
Jorgan Heyball,356-290-7857
Guillaume Pettecrew,230-765-1769
Jules Delacourt,410-559-3256
Jillene Kerkham,868-994-2219
Tessy McEllen,155-359-3009
Willow Ashplant,424-444-8628
Joey Beneix,576-390-6908
Pat Berrey,448-312-4851
Crista Lockart,315-626-8407
Tabby Glendzer,165-219-6651
Jena Adrienne,450-526-0079
Brittney Callacher,671-964-4231
Moise Astill,642-416-7417
Archer O'Sharry,526-202-8535
Maure de la Tremoille,840-254-9513
Melantha Wallhead,280-129-6341
Garry Lorryman,777-850-7913
Patrice Habershon,189-951-3310
Ardelle Potkin,977-615-0010
Camila Maryan,645-566-8466
Silva McAtamney,758-239-9000
Ardis Bhatia,290-621-7890
Elie Lewins,339-573-0815
Daphna Harriday,730-983-9562
Fleurette Parkin,849-469-0681
Nina Le Pruvost,337-754-9737
Shep Strathern,318-824-7609
Hanny Thomtson,395-155-0062
Lianna Rosin,702-126-7832
Cyril Fettiplace,903-540-6110
Harriott Tappington,839-805-9046
Alvina Wildish,466-250-5084
Celene Lemerie,172-544-9338
Grazia Havill,503-524-3171
Blancha McElhargy,273-546-8114
Novelia Joreau,245-542-2410
Billie Frarey,787-749-4698
Darrin Goodread,123-123-5492
Nollie Jonke,180-255-2052
Barbey Bromehed,230-664-7776
Correy Willoway,906-265-5867
Jaquenette Girsch,607-289-4530
Farah Swindley,302-624-0058
Massimiliano Mackilpatrick,792-491-6349
Joete Bille,173-959-3635
Clare Noweak,401-595-6829
Adda Luetchford,396-463-2131
Sindee Morillas,591-277-3536
Coralyn Boath,564-285-2868
Laurie Eilhersen,258-288-3465
Ree Mannakee,234-565-0539
Lil Garlic,449-867-9168
Neill Spellar,391-657-4785
Arley MacCart,281-807-7940
Barnabas Alfonzo,711-340-9440
Ulrick Parsley,112-561-8476
Grethel Hatch,735-926-8955
Olia Gowthrop,169-806-1341
Gerik Orgel,577-891-0426
Desmond De Bruyn,250-756-4391
Husain Crewe,837-353-9409
Saw Bruhnsen,516-753-6596
Maxie Guerry,267-868-2787
Aurthur Czajkowska,558-791-8042
Frasier Darrel,608-609-4081
Tobi Mc Andrew,502-553-9075
Krystyna McAuley,841-628-4070
Kylie Prujean,822-848-5900
Bathsheba Chaplyn,583-953-8893
Egan Schimaschke,319-992-0355
Frannie Humblestone,434-413-6130
Letta Martelet,764-838-9540
Guglielma Gasker,365-835-9920
Gal Blockley,423-666-4360
Rhonda Gamon,475-896-5903
Kev McQuillin,104-158-0876
Farrell Bridie,952-432-4578
Peggi Armiger,450-781-0670
Catherina Glandfield,964-224-8330
Myrvyn Maginn,923-163-1725
Madalyn Suddick,297-482-6106
Brit Gaylor,434-148-6212
Valaria Schaffel,795-348-5131
Aloise Fairfull,650-671-0554
Bax Romaint,548-719-9613
Cathe MacGray,617-170-6159
Cobbie Fedorchenko,589-141-4459
Myrlene Champain,897-780-0192
Gloria Clineck,480-666-1936
Corene Liebermann,151-973-1146
Monroe Tidy,672-432-4843
Faustine Breacher,798-677-6524
Fredelia Burds,864-774-0160
Tova Ronisch,770-393-2446
Tommie Tomlins,839-525-3731
Dedie Achurch,162-545-3181
Devonne Chrisp,312-867-8753
Clara Longfield,696-232-2106
Julie Joburn,692-163-1008
Smitty Bromby,205-108-4516
Seamus Ick,501-292-4589
Irina Bragge,472-759-7933
Libbi Robjohns,821-122-2269
Blithe Glasson,926-874-6677
Any Margiotta,850-477-4163
Adrian Willgoose,219-777-2000
Morna Giorio,673-103-2326
Theresina Minards,286-969-9942
Ainslee Thurstance,668-180-9543
Blondell Burgot,821-428-5016
Caresa Pyner,856-956-1599
Rudolph Audenis,908-351-1862
Towny Mourant,737-741-2358
Gamaliel Cholonin,400-945-4440
Bordy Ticic,908-176-2618
Bernelle Berney,374-379-4354
Valene Basilotta,320-375-1257
Henriette Reef,993-717-5715
Hildegaard Foy,343-282-7729
Yank Squirrel,360-353-2638
Sunny Winn,103-106-3630
Jarib Leaning,818-241-9770
Leonhard Littrik,689-499-7129
Adoree Powter,768-330-9138
Yorker McKee,462-914-4344
Arnie Grigoriev,624-381-7204
Percy Deport,850-768-7957
Conroy Sturror,130-388-7529
Gerrie Attiwill,480-848-1738
Cary Galletly,898-296-5453
Shannon Izen,823-218-0845
Orton Swayte,293-342-5164
Barry Biggins,519-339-5212
Mitzi Reding,671-617-2969
Karol Twinberrow,570-594-5362
Garreth Gurrado,857-423-8798
Carlin Addekin,371-596-1182
Thomasina Dibner,505-689-3887
Sherilyn Sheerman,799-534-3255
Averell Borne,767-969-2016
Tyrone Reaman,365-859-4440
Grete Wisby,227-365-4930
Dyann Cay,568-616-8988
Cherilyn de Lloyd,905-994-6619
Mathilde Wymer,416-582-7355
Everard Eyrl,550-759-6532
Fielding Emnoney,502-692-3358
Boote Larrington,961-542-7812
Tammie Ikins,562-390-1135
Sigismond Skoate,657-213-4469
Zeb Yerrell,623-958-1323
Leonhard Gurwood,121-892-4319
Chaim Stamps,751-430-4971
Smith Dickons,455-732-4071
Jessa Gerrie,306-134-3244
Laina Gillfillan,883-101-8080
Vicky Kadwallider,239-937-7469
Wilmar Trassler,574-754-4867
Fons McCree,586-595-0459
Skip Mc Menamin,628-305-0574
Julianne Doust,702-792-1442
Haleigh Kenwyn,356-358-4744
Cami Dominguez,406-593-6098
Alexandra Chilton,228-121-3551
Brandyn D'Elias,925-508-8695
Jolee Probyn,809-731-4678
Cheryl Hounsom,634-390-7205
Evita Medcalfe,599-484-5838
Norry Tribbeck,884-918-1485
Cynthie McKeady,508-517-4359
Lusa Bullar,837-598-0854
Veronika Ferdinand,441-956-0826
Davidson Gravy,640-514-1456
Nissy Sulley,159-190-2665
Hughie Forth,265-131-1652
Eva Cayser,839-338-0658
Devonne Milleton,906-468-5482
Jessie Adrian,238-724-3705
Vally Guillou,576-361-4112
Seline Feldstein,738-331-8891
Kessiah Lancastle,415-855-6924
Carine Perfitt,875-180-6974
Shawnee O'Gready,848-954-2038
Maure Bartrap,940-521-8692
Isidora Hiorn,702-240-6639
Grier Busch,164-522-9387
Nikos De la Yglesia,193-449-3692
Kelly Duplan,534-645-5876
Abbe Cornock,316-717-6698
Reagen Giblin,332-824-3481
Dolores Fley,191-243-4727
Simonette Cadge,415-605-6893
Gabriel Potteridge,780-863-6117
Charin Kochel,814-903-0984
Ammamaria Fitzsimmons,287-236-4240
Maynord Holde,637-488-0897
Annette Cuppleditch,188-231-6487
Lexis Gleeton,990-982-4420
Zebadiah Heading,610-769-2063
Enos Aleksidze,174-308-3677
Noe Sconce,159-109-9752
Cassius Fritschel,641-611-1657
Hannis Gorges,440-190-5350
Amalea Colloff,305-283-1832
Garry Weildish,562-571-3042
Demetra Luckman,547-493-5586
Monti Chisholme,946-177-2626
Sarina McKendo,620-405-0625
Pinchas Killwick,883-749-9182
Gaultiero Harborow,956-899-8580
Ambrosi Schwand,999-483-0582
Orran Keveren,963-160-9578
Wally Schankelborg,167-487-9516
Dulciana Beveredge,795-220-6486
Fredric Faull,900-909-8655
Fern Cusworth,506-370-9553
Davida Cleghorn,149-365-1843
Gerome Denisyev,364-398-4241
Willyt Strotone,684-157-5524
Lillian Sidebotham,985-364-4097
Ric Skrine,644-656-2976
Rubetta Glencrash,605-956-9586
Amelie Keuning,289-380-4551
Jozef Margrett,643-329-3495
Sollie Lafaye,117-165-4367
Andras Moorwood,794-222-8912
Carleen Bolt,573-122-6415
Demetris Dowsett,319-743-9825
Kath Vigneron,863-901-7102
Jarid Perillio,266-948-0628
Rosemonde Howship,358-484-9216
Theobald Aronovitz,638-855-9417
Teressa Jump,622-182-4592
Nichole Schottli,777-359-0122
Claudell Rowes,810-306-7062
Erhard Seabridge,296-504-8504
Caprice Mozzi,142-333-0252
Deina Witt,141-902-6300
Benedict Cowlard,729-726-0793
Caralie Ashplant,875-138-2569
Isidro Correa,593-388-1784
Melodie Shale,968-662-8987
Risa Bourget,930-982-5589
Timmie Bounds,701-844-8080
Deloris Canto,910-215-0533
Lilia Manoelli,563-145-2985
Amandy Rosenblatt,557-582-6152
Christophorus Haggis,512-547-9888
Heath Philo,558-820-0749
Bartholemy Law,760-192-5517
Kaia Etches,919-693-3524
Massimo Durno,678-201-2137
Cleavland Kubyszek,828-866-6373
Fredericka Gullen,742-767-8685
Loise Overall,244-564-4408
Blake Whelan,222-258-6236
Charmine Doe,128-898-9798
Clareta D'Abbot-Doyle,225-538-1386
Gus McGaw,131-393-0899
Otto Woodwind,138-912-6088
Reeta Arnout,510-603-1703
Putnam Beese,364-186-0280
Ellery Jansens,707-348-5706
Brien Selway,274-823-6627
Arlette Pethick,526-828-7842
Taite Lannin,998-833-1058
Christy Belf,900-654-6984
Diarmid Barreau,629-609-4997
Barr Hort,580-460-8154
Jeanne Mantrup,602-757-0672
Harry Straine,313-881-7131
Rivalee di Rocca,971-804-7251
Lexy Hedworth,102-717-8412
Mateo Croyser,313-845-6955
Trever Bomb,213-764-5635
Hannah Crookall,718-610-0677
Fowler Girdwood,833-692-6777
Jamison Fosten,505-232-5208
Carlie Newarte,568-244-5649
Beniamino Cotgrave,969-295-0936
Krishna Mulrooney,134-920-9314
Leena Jex,609-385-7472
Shayne Ghioni,384-343-0792
Joni Earl,692-243-2280
Kerby Aslott,324-739-7266
Mile Gommes,162-970-3978
Ted Woolrich,215-223-9704
Jehu Ronchetti,865-193-0902
Marrissa Blakeman,759-977-0728
Emmaline Duckels,290-266-6983
Marcelo Woolfoot,495-181-6960
Petrina Watters,383-796-3674
Farris Wadly,761-872-0495
Myrtia Asquez,719-418-6643
Eugene Cotterrill,210-370-4050
Katie Gregolotti,153-855-4763
Lilias Totton,788-874-6920
Shirlee Roston,607-314-5173
Ronica Addison,314-363-5971
Karoly Thirsk,553-950-5146
Constancy Irlam,278-190-9515
Rosita Issacov,493-338-0343
Hillard Bertelet,603-110-8709
Claudian Mabb,753-576-7729
Ninetta Springthorpe,993-646-2656
Peg Vidyapin,596-507-5191
Kermit Jamison,595-100-1323
Roxie Sturge,679-911-7357
Jerad Bricklebank,318-570-1772
Kimberley Sneesbie,762-847-7671
Gareth Connett,535-229-6218
Chip Skelington,195-904-4707
Prudence Staddart,623-507-3515
Hartwell Elcoate,222-389-9139
Ira Beldon,775-362-2875
Aveline Apple,570-140-3819
Corny Boner,492-177-0751
Ronny Wannell,456-391-4681
Gayelord Rodden,382-471-1479
Ursala Gensavage,781-665-8311
Emilie Kurth,638-933-8908
Vin Sturrock,916-996-0443
Raffarty Derell,360-705-0213
Ferris Bawcock,761-830-4075
Rori Itzhayek,937-977-7570
Marrissa Eberle,322-746-1101
Daphne Such,105-373-9307
Gretta Iddon,734-639-8179
Charlene Duiguid,261-459-9352
Coralie Fey,589-758-8228
Nap Collett,386-257-1979
Hinze Vidler,503-246-2738
Rodd Seville,523-240-6594
Derron McCudden,646-893-9292
Phaidra Royans,131-955-4195
Fifine Ponde,489-977-7434
Viviana Vicker,978-347-7644
Silva Hunter,960-975-6641
Batholomew Doll,377-104-1511
Abram Bavester,430-151-2773
Arlee Bevens,167-817-9293
Adrianne Cokly,518-979-7177
Bunny Lamasna,120-622-8171
Reginauld Daburn,564-109-3958
Kennie Olivia,279-278-4874
Kirstin Bortolussi,697-412-5940
Dalila Luker,178-426-4119
Rhys Crang,941-847-3109
Sonni Van der Brug,865-516-7993
Say Cruft,406-753-4262
Malissia Harryman,806-594-0998
Nita Exell,429-613-8872
Wallis Joll,958-656-5896
Samara Ellerton,824-754-2633
Ida Robertelli,106-978-0517
Lurette Avramchik,408-741-6056
Jaye Valentine,155-641-6387
Erwin Chevolleau,691-488-1773
Amargo Melland,467-308-2749
Boycey Silverstone,614-119-8836
Dorella Urvoy,154-687-4701
Janeva Lotwich,323-112-2392
Kerri Brognot,773-968-6182
Augy Harbertson,358-617-1035
Hodge Burnyeat,803-811-4935
Giustina Pardal,609-797-5873
Jay Gregs,286-314-4543
Hedy Barraclough,701-141-6988
Hank Crucitti,355-253-7417
Marni De Courtney,938-496-3720
Tommy Archdeckne,675-568-9002
Archibold Benes,813-680-9887
Haily Noell,113-423-0411
Aron Whilder,880-660-4691
Massimo Shinn,878-705-1790
Christoforo Fulton,837-781-6555
Wenonah McCullock,522-526-8998
Malvina Gray,128-232-8635
Gnni Parcall,851-701-1368
Dario Lamcken,236-944-6531
Anne-corinne Zanotti,851-708-0188
Orin Oels,905-979-8749
Giuseppe Fleming,312-972-5554
Winni Jentgens,601-835-5797
Kristel Petris,579-677-0394
Corly Saunton,762-738-3631
Zola Gooderham,789-900-4869
Ronnie Climar,578-811-6300
Gale Uden,794-291-4263
Mil Ruoss,139-375-8651
Lulu Arnholtz,583-108-6400
Glory Hounihan,408-328-4453
Seumas Rusbridge,575-816-6436
Didi Colston,656-677-3938
Bartolomeo Ashwood,413-213-6474
Franky Dring,479-651-0285
Michelle Genny,562-878-1068
Brendon Wesson,442-379-9130
Kaylee McGurn,154-640-5842
Beatrix Kenealy,548-447-5157
Sinclair Aguirre,437-573-9872
Zaria Bowdon,580-522-2659
Grantham Keerl,458-736-9611
Olia Marle,336-865-0603
Nev Chilcotte,741-191-2648
Raimundo Eaddy,429-868-3705
Fonsie Tours,990-365-7604
Frankie Swedeland,829-445-1115
Leroy Brouncker,435-275-3554
Frannie Jewell,281-103-9054
Crin Teague,612-778-5237
Minnie Mellers,586-972-7939
Axel Hallgalley,331-505-4260
Jamaal Huc,480-134-2285
Rand Kaye,747-975-2662
